Workbook

Sheet Intro
G2: Project: Machine Efficiency and OEE Analysis
G23: Name: Abubakar Kashif
G26: ID: 70
G29: Submitted TO: Sir Abrar Amin
G32: Section: Switchgear (Production)

Sheet DashBoard
AA1: Descryption | AB1: Formula
B2: Machine Efficiency & Energy Dashboard | AA2: Total Machines | AB2: =COUNTA(tblOEE[Machine]) -> 7
AA3: Average OEE | AB3: =AVERAGE(tblOEE[OEE (%)]) -> 0.72044218
B4: Last Update: | C4: 46202 | AA4: Connected Load | AB4: =SUM(tblEnergy[Total Load (kW)]) -> 154.44957
AA5: Daily Energy | AB5: =SUM(tblEnergy[Energy (kWh)]) -> 1235.5966
AA6: Daily Cost | AB6: =SUM(tblEnergy[Cost (Rs/day)]) -> 98847.727

Sheet OEE Data Calculation
A1: Overall Equipment Effectiveness (OEE) Analysis
A9: Machines | C9: Punching Machine (EUROMAC) | G9: Lazer Machine | K9: Bending Machine | O9: Lathe Machine | S9: Welding Machine | W9: Auto Paint Plant | AA9: Manaul Paint Plant
A10: Shifting Time(min) | C10: 480 | D10: Availability(%)= | G10: 480 | H10: Availability(%)= | K10: 480 | L10: Availability(%)= | O10: 480 | P10: Availability(%)= | S10: 480 | T10: Availability(%)= | W10: 480 | X10: Availability(%)= | AA10: 480 | AB10: Availability(%)=
A12: SD LOSS(min) | C12: 60 | G12: 60 | K12: 60 | O12: 60 | S12: 60 | W12: 60 | AA12: 120
A14: Loading Time(min) | C14: =C10-C12 -> 420 | G14: =G10-G12 -> 420 | K14: =K10-K12 -> 420 | O14: =O10-O12 -> 420 | S14: =S10-S12 -> 420 | W14: =W10-W12 -> 420 | AA14: =AA10-AA12 -> 360
D15: =((C14-C16)/C14) -> 0.91666667 | H15: =((G14-G16)/G14) -> 0.95238095 | L15: =((K14-K16)/K14) -> 0.94047619 | P15: =((O14-O16)/O14) -> 0.86904762 | T15: =((S14-S16)/S14) -> 0.96428571 | X15: =((W14-W16)/W14) -> 0.92857143 | AB15: =((AA14-AA16)/AA14) -> 0.83333333
A16: DownTime(min) | C16: 35 | G16: 20 | K16: 25 | O16: 55 | S16: 15 | W16: 30 | AA16: 60
A18: Operating Time(min) | C18: =C14-C16 -> 385 | D18: Performance rate(%)= | G18: =G14-G16 -> 400 | H18: Performance rate(%)= | K18: =K14-K16 -> 395 | L18: Performance rate(%)= | O18: =O14-O16 -> 365 | P18: Performance rate(%)= | S18: =S14-S16 -> 405 | T18: Performance rate(%)= | W18: =W14-W16 -> 390 | X18: Performance rate(%)= | AA18: =AA14-AA16 -> 300 | AB18: Performance rate(%)=
A20: Standard cylcle Time(min) | C20: 22 | G20: 25 | K20: 4 | O20: 3 | S20: 20 | W20: 0.468 | AA20: 21
D21: =((C20*C22)/C18) -> 0.91428571 | H21: =((G20*G22)/G18) -> 0.9375 | L21: =((K20*K22)/K18) -> 0.70886076 | P21: =((O20*O22)/O18) -> 0.82191781 | T21: =((S20*S22)/S18) -> 0.79012346 | X21: =((W20*W22)/W18) -> 0.864 | AB21: =((AA20*AA22)/AA18) -> 0.84
A22: Processing Quantity(per day) | C22: 16 | G22: 15 | K22: 70 | O22: 100 | S22: 16 | W22: 720 | AA22: 12
A24: Defects(per day) | C24: 2 | D24: Quality Rate(%)= | G24: 1 | H24: Quality Rate(%)= | K24: 2 | L24: Quality Rate(%)= | O24: 3 | P24: Quality Rate(%)= | S24: 1 | T24: Quality Rate(%)= | W24: 20 | X24: Quality Rate(%)= | AA24: 1 | AB24: Quality Rate(%)=
D25: =(C22-C24)/C22 -> 0.875 | H25: =(G22-G24)/G22 -> 0.93333333 | L25: =(K22-K24)/K22 -> 0.97142857 | P25: =(O22-O24)/O22 -> 0.97 | T25: =(S22-S24)/S22 -> 0.9375 | X25: =(W22-W24)/W22 -> 0.97222222 | AB25: =(AA22-AA24)/AA22 -> 0.91666667
A26: OEE(%) | C26: =D15*D21*D25 -> 0.73333333 | G26: =H15*H21*H25 -> 0.83333333 | K26: =L15*L21*L25 -> 0.64761905 | O26: =P15*P21*P25 -> 0.69285714 | S26: =T15*T21*T25 -> 0.71428571 | W26: =X15*X21*X25 -> 0.78 | AA26: =AB15*AB21*AB25 -> 0.64166667

Sheet OEE Summary
A1: OEE Summary
A8: Machine | B8: Availability (%) | C8: Performance (%) | D8: Quality (%) | E8: OEE (%)
A9: Punching Machine (EUROMAC) | B9: ='OEE Data Calculation'!D15 -> 0.91666667 | C9: ='OEE Data Calculation'!D21 -> 0.91428571 | D9: ='OEE Data Calculation'!D25 -> 0.875 | E9: ='OEE Data Calculation'!C26 -> 0.73333333
A10: Lazer Machine | B10: ='OEE Data Calculation'!H15 -> 0.95238095 | C10: ='OEE Data Calculation'!H21 -> 0.9375 | D10: ='OEE Data Calculation'!H25 -> 0.93333333 | E10: ='OEE Data Calculation'!G26 -> 0.83333333
A11: Bending Machine | B11: ='OEE Data Calculation'!L15 -> 0.94047619 | C11: ='OEE Data Calculation'!L21 -> 0.70886076 | D11: ='OEE Data Calculation'!L25 -> 0.97142857 | E11: ='OEE Data Calculation'!K26 -> 0.64761905
A12: Lathe Machine | B12: ='OEE Data Calculation'!P15 -> 0.86904762 | C12: ='OEE Data Calculation'!P21 -> 0.82191781 | D12: ='OEE Data Calculation'!P25 -> 0.97 | E12: ='OEE Data Calculation'!O26 -> 0.69285714
A13: Welding Machine | B13: ='OEE Data Calculation'!T15 -> 0.96428571 | C13: ='OEE Data Calculation'!T21 -> 0.79012346 | D13: ='OEE Data Calculation'!T25 -> 0.9375 | E13: ='OEE Data Calculation'!S26 -> 0.71428571
A14: Auto Paint Plant | B14: ='OEE Data Calculation'!X15 -> 0.92857143 | C14: ='OEE Data Calculation'!X21 -> 0.864 | D14: ='OEE Data Calculation'!X25 -> 0.97222222 | E14: ='OEE Data Calculation'!W26 -> 0.78
A15: Manual Paint Plant | B15: ='OEE Data Calculation'!AB15 -> 0.83333333 | C15: ='OEE Data Calculation'!AB21 -> 0.84 | D15: ='OEE Data Calculation'!AB25 -> 0.91666667 | E15: ='OEE Data Calculation'!AA26 -> 0.64166667

Sheet Motor Energy Data
A1: Machine Energy Consumption & Cost Analysis
A10: Machine | B10: Equipment | C10: Quantity | D10: Voltage (V) | E10: Current (A) | F10: Power Factor (cosθ) | G10: Phase | H10: Connection | I10: Motor Power (kW) | J10: Total Load (kW) | K10: Running Hours | L10: Energy (kWh) | M10: Cost (Rs/day)
A11: Auto Paint Plant | B11: Conveyor | C11: 1 | D11: 415 | E11: 2 | F11: 0.9 | G11: 3 | H11: Star | I11: =(1.73*D11*E11*F11)/1000 -> 1.29231 | J11: =I11*C11 -> 1.29231 | K11: 8 | L11: =K11*J11 -> 10.33848 | M11: =80*L11 -> 827.0784
A12: Auto Paint Plant | B12: Blower | C12: 5 | D12: 415 | E12: 1.2 | F12: 0.9 | G12: 3 | H12: Star | I12: =(1.73*D12*E12*F12)/1000 -> 0.775386 | J12: =I12*C12 -> 3.87693 | K12: 8 | L12: =K12*J12 -> 31.01544 | M12: =80*L12 -> 2481.2352
A13: Auto Paint Plant | B13: Water Pump | C13: 7 | D13: 415 | E13: 3.4 | F13: 0.9 | G13: 3 | H13: Star | I13: =(1.73*D13*E13*F13)/1000 -> 2.196927 | J13: =I13*C13 -> 15.378489 | K13: 8 | L13: =K13*J13 -> 123.02791 | M13: =80*L13 -> 9842.233
A14: Auto Paint Plant | B14: Water Shifting | C14: 1 | D14: 415 | E14: 10 | F14: 0.9 | G14: 3 | H14: Star | I14: =(1.73*D14*E14*F14)/1000 -> 6.46155 | J14: =I14*C14 -> 6.46155 | K14: 8 | L14: =K14*J14 -> 51.6924 | M14: =80*L14 -> 4135.392
A15: Auto Paint Plant | B15: Burner | C15: 2 | D15: 415 | E15: 2 | F15: 0.9 | G15: 3 | H15: Star | I15: =(1.73*D15*E15*F15)/1000 -> 1.29231 | J15: =I15*C15 -> 2.58462 | K15: 8 | L15: =K15*J15 -> 20.67696 | M15: =80*L15 -> 1654.1568
A16: Auto Paint Plant | B16: Furnance | C16: 2 | D16: 415 | E16: 11.7 | F16: 0.9 | G16: 3 | H16: Star | I16: =(1.73*D16*E16*F16)/1000 -> 7.5600135 | J16: =I16*C16 -> 15.120027 | K16: 8 | L16: =K16*J16 -> 120.96022 | M16: =80*L16 -> 9676.8173
A17: Auto Paint Plant | B17: Paint Gun | C17: 4 | D17: 415 | E17: 2.2 | F17: 0.9 | G17: 3 | H17: Star | I17: =(1.73*D17*E17*F17)/1000 -> 1.421541 | J17: =I17*C17 -> 5.686164 | K17: 8 | L17: =K17*J17 -> 45.489312 | M17: =80*L17 -> 3639.145
A18: Auto Paint Plant | B18: Cyclone | C18: 2 | D18: 415 | E18: 7.4 | F18: 0.9 | G18: 3 | H18: Star | I18: =(1.73*D18*E18*F18)/1000 -> 4.781547 | J18: =I18*C18 -> 9.563094 | K18: 8 | L18: =K18*J18 -> 76.504752 | M18: =80*L18 -> 6120.3802
A19: Manual Paint Plant | B19: Furnace Motor | C19: 1 | D19: 415 | E19: 10 | F19: 0.9 | G19: 3 | H19: Star | I19: =(1.73*D19*E19*F19)/1000 -> 6.46155 | J19: =I19*C19 -> 6.46155 | K19: 8 | L19: =K19*J19 -> 51.6924 | M19: =80*L19 -> 4135.392
A20: Manual Paint Plant | B20: Cyclone | C20: 1 | D20: 415 | E20: 12 | F20: 0.9 | G20: 3 | H20: Star/Delta | I20: =(1.73*D20*E20*F20)/1000 -> 7.75386 | J20: =I20*C20 -> 7.75386 | K20: 8 | L20: =K20*J20 -> 62.03088 | M20: =80*L20 -> 4962.4704
A21: Manual Paint Plant | B21: Washing Area(Burner) | C21: 4 | D21: 220 | E21: 2.23 | F21: 0.9 | G21: 1 | H21: Star | I21: =(1.73*D21*E21*F21)/1000 -> 0.7638642 | J21: =I21*C21 -> 3.0554568 | K21: 8 | L21: =K21*J21 -> 24.443654 | M21: =80*L21 -> 1955.4924
A22: Manual Paint Plant | B22: Conveyor | C22: 1 | D22: 415 | E22: 11 | F22: 0.9 | G22: 3 | H22: Star | I22: =(1.73*D22*E22*F22)/1000 -> 7.107705 | J22: =I22*C22 -> 7.107705 | K22: 8 | L22: =K22*J22 -> 56.86164 | M22: =80*L22 -> 4548.9312
... A30: Welding Machine | B30: Overall Load(all three) | C30: 1 | D30: 415 | E30: 41 | F30: 0.9 | G30: 3 | H30: Star | I30: =(1.73*D30*E30*F30)/1000 -> 26.492355 | J30: =I30*C30 -> 26.492355 | K30: 8 | L30: =K30*J30 -> 211.93884 | M30: =80*L30 -> 16955.107

Sheet Motor Energy Summary
A1: Energy Summary
A2: Machine | B2: Connected Load(kW) | C2: Daily Energy (kWh) | D2: Daily Cost (Rs/day)
A3: Punching Machine (EUROMAC) | B3: =SUMIFS(tblEnergy[Total Load (kW)],tblEnergy[Machine],A3) -> 14.21541 | C3: =SUMIFS(tblEnergy[Energy (kWh)],tblEnergy[Machine],A3) -> 113.72328 | D3: =SUMIFS(tblEnergy[Cost (Rs/day)],tblEnergy[Machine],A3) -> 9097.8624
A4: Lazer Machine | B4: =SUMIFS(tblEnergy[Total Load (kW)],tblEnergy[Machine],A4) -> 10.33848 | C4: =SUMIFS(tblEnergy[Energy (kWh)],tblEnergy[Machine],A4) -> 82.70784 | D4: =SUMIFS(tblEnergy[Cost (Rs/day)],tblEnergy[Machine],A4) -> 6616.6272
A5: Bending Machine | B5: =SUMIFS(tblEnergy[Total Load (kW)],tblEnergy[Machine],A5) -> 4.523085 | C5: =SUMIFS(tblEnergy[Energy (kWh)],tblEnergy[Machine],A5) -> 36.18468 | D5: =SUMIFS(tblEnergy[Cost (Rs/day)],tblEnergy[Machine],A5) -> 2894.7744
A6: Lathe Machine | B6: =SUMIFS(tblEnergy[Total Load (kW)],tblEnergy[Machine],A6) -> 1.6153875 | C6: =SUMIFS(tblEnergy[Energy (kWh)],tblEnergy[Machine],A6) -> 12.9231 | D6: =SUMIFS(tblEnergy[Cost (Rs/day)],tblEnergy[Machine],A6) -> 1033.848
A7: Welding Machine | B7: =SUMIFS(tblEnergy[Total Load (kW)],tblEnergy[Machine],A7) -> 26.492355 | C7: =SUMIFS(tblEnergy[Energy (kWh)],tblEnergy[Machine],A7) -> 211.93884 | D7: =SUMIFS(tblEnergy[Cost (Rs/day)],tblEnergy[Machine],A7) -> 16955.107
A8: Auto Paint Plant | B8: =SUMIFS(tblEnergy[Total Load (kW)],tblEnergy[Machine],A8) -> 59.963184 | C8: =SUMIFS(tblEnergy[Energy (kWh)],tblEnergy[Machine],A8) -> 479.70547 | D8: =SUMIFS(tblEnergy[Cost (Rs/day)],tblEnergy[Machine],A8) -> 38376.438
A9: Manual Paint Plant | B9: =SUMIFS(tblEnergy[Total Load (kW)],tblEnergy[Machine],A9) -> 37.301672 | C9: =SUMIFS(tblEnergy[Energy (kWh)],tblEnergy[Machine],A9) -> 298.41337 | D9: =SUMIFS(tblEnergy[Cost (Rs/day)],tblEnergy[Machine],A9) -> 23873.07
